sku,title,missingFields,sourceStatus,imageMappingStatus,currentImage,requiredAction
"KH-KR-KRAFT-080-RAW-001","Single-sided Kraft Paper","sourceStatus","pending","representative","kh-kraft-family-representative","Confirm sourceStatus and image mapping"
"KH-KR-KRAFT-120-RAW-002","Double-sided Kraft Paper","sourceStatus","pending","representative","kh-kraft-family-representative","Confirm sourceStatus and image mapping"
"KH-KR-WKRAFT-150-PR-003","White Kraft Paper","sourceStatus","pending","representative","kh-kraft-family-representative","Confirm sourceStatus and image mapping"
"KH-KR-YKRAFT-180-PR-004","Yellow Kraft Paper","sourceStatus","pending","representative","kh-kraft-family-representative","Confirm sourceStatus and image mapping"
"KH-KR-FOODK-100-OIL-005","Food Grade Kraft Paper","sourceStatus","pending","representative","kh-kraft-family-representative","Confirm sourceStatus and image mapping"
"KH-KR-PEKRAFT-120-PE-006","PE Coated Kraft Paper","sourceStatus","pending","representative","kh-kraft-family-representative","Confirm sourceStatus and image mapping"
"KH-KR-OILK-80-OIL-007","Greaseproof Kraft Paper","sourceStatus","pending","representative","kh-kraft-family-representative","Confirm sourceStatus and image mapping"
"KH-KR-PRKRAFT-200-PR-008","Printed Kraft Paper","sourceStatus","pending","representative","kh-kraft-family-representative","Confirm sourceStatus and image mapping"
"KH-KR-KCARDB-300-MC-009","Kraft Cardstock","sourceStatus","pending","representative","kh-paper-pad-family-representative","Confirm sourceStatus and image mapping"
"KH-KR-KFLUTE-250E-MT-010","Kraft Laminated Corrugated Paper","sourceStatus","pending","representative","kh-paper-insert-family-representative","Confirm sourceStatus and image mapping"
"KH-WC-WHITE-210-PR-011","White Cardboard","sourceStatus","pending","representative","kh-paper-pad-family-representative","Confirm sourceStatus and image mapping"
"KH-WC-FOODW-230-OIL-012","Food Grade White Cardboard","sourceStatus","pending","representative","kh-paper-pad-family-representative","Confirm sourceStatus and image mapping"
"KH-WC-SBS1-250-PR-013","Single-side Coated White Board","sourceStatus","pending","representative","kh-white-cardboard-family-representative","Confirm sourceStatus and image mapping"
"KH-WC-SBS2-300-LM-014","Double-side Coated White Board","sourceStatus","pending","representative","kh-white-cardboard-family-representative","Confirm sourceStatus and image mapping"
"KH-WC-BOXMAT-350-CR-015","White Cardboard Box Material","sourceStatus","pending","representative","kh-white-cardboard-family-representative","Confirm sourceStatus and image mapping"
"KH-WC-PAD-400-MC-016","White Cardboard Pad","sourceStatus","pending","representative","kh-paper-pad-family-representative","Confirm sourceStatus and image mapping"
"KH-WC-INSERT-450-MC-017","White Cardboard Insert","sourceStatus","pending","representative","kh-paper-insert-family-representative","Confirm sourceStatus and image mapping"
"KH-WC-WFLUTE-300E-MT-018","White Cardboard Laminated Corrugated Paper","sourceStatus","pending","representative","kh-corrugated-family-representative","Confirm sourceStatus and image mapping"
"KH-WC-PRINTW-350-UV-019","Printed White Cardboard","sourceStatus","pending","representative","kh-white-cardboard-family-representative","Confirm sourceStatus and image mapping"
"KH-WC-PEWHITE-300-PE-020","PE Coated White Cardboard","sourceStatus","pending","representative","kh-white-cardboard-family-representative","Confirm sourceStatus and image mapping"
"KH-FD-FOODW-210-RAW-021","Food Grade White Cardboard","sourceStatus","pending","representative","kh-white-cardboard-family-representative","Confirm sourceStatus and image mapping"
"KH-FD-FOODK-120-RAW-022","Food Grade Kraft Paper","sourceStatus","pending","representative","kh-kraft-family-representative","Confirm sourceStatus and image mapping"
"KH-FD-GREASE-040-OIL-023","Greaseproof Paper","sourceStatus","pending","representative","kh-material-family-representative","Confirm sourceStatus and image mapping"
"KH-FD-BURGER-050-PR-024","Burger Wrapping Paper","sourceStatus","pending","representative","kh-material-family-representative","Confirm sourceStatus and image mapping"
"KH-FD-SANDW-060-PR-025","Sandwich Wrapping Paper","sourceStatus","pending","representative","kh-material-family-representative","Confirm sourceStatus and image mapping"
"KH-FD-BAKING-070-OIL-026","Baking Paper","sourceStatus","pending","representative","kh-material-family-representative","Confirm sourceStatus and image mapping"
"KH-FD-CAKEPAD-230-MC-027","Cake Pad Paper","sourceStatus","pending","representative","kh-paper-pad-family-representative","Confirm sourceStatus and image mapping"
"KH-FD-PIZZAP-120-MC-028","Pizza Liner Paper","sourceStatus","pending","representative","kh-corrugated-family-representative","Confirm sourceStatus and image mapping"
"KH-FD-TRAYP-250-PE-029","Food Tray Paper","sourceStatus","pending","representative","kh-paper-insert-family-representative","Confirm sourceStatus and image mapping"
"KH-FD-BOXP-300-CR-030","Food Box Paper Material","sourceStatus","pending","representative","kh-white-cardboard-family-representative","Confirm sourceStatus and image mapping"
"KH-CG-SFLUTE-E-RAW-031","Single-face Corrugated Paper","sourceStatus","pending","representative","kh-paper-pad-family-representative","Confirm sourceStatus and image mapping"
"KH-CG-DFLUTE-F-RAW-032","Double-wall Corrugated Paper","sourceStatus","pending","representative","kh-paper-insert-family-representative","Confirm sourceStatus and image mapping"
"KH-CG-TFLUTE-G-RAW-033","Triple-layer Corrugated Paper","sourceStatus","pending","representative","kh-paper-insert-family-representative","Confirm sourceStatus and image mapping"
"KH-CG-EFLUTE-E-MC-034","E Flute Corrugated Paper","sourceStatus","pending","representative","kh-paper-insert-family-representative","Confirm sourceStatus and image mapping"
"KH-CG-FFLUTE-F-MC-035","F Flute Corrugated Paper","sourceStatus","pending","representative","kh-paper-insert-family-representative","Confirm sourceStatus and image mapping"
"KH-CG-GFLUTE-G-MC-036","G Flute Corrugated Paper","sourceStatus","pending","representative","kh-paper-insert-family-representative","Confirm sourceStatus and image mapping"
"KH-CG-COLORF-E-DC-037","Colored Corrugated Paper","sourceStatus","pending","representative","kh-corrugated-family-representative","Confirm sourceStatus and image mapping"
"KH-CG-BLACKF-F-DC-038","Black Corrugated Paper","sourceStatus","pending","representative","kh-paper-insert-family-representative","Confirm sourceStatus and image mapping"
"KH-CG-WHITEF-E-MT-039","White Corrugated Paper","sourceStatus","pending","representative","kh-corrugated-family-representative","Confirm sourceStatus and image mapping"
"KH-CG-KFLUTE-E-MT-040","Kraft Corrugated Paper","sourceStatus","pending","representative","kh-corrugated-family-representative","Confirm sourceStatus and image mapping"
"KH-CG-BKFLUTE-F-MT-041","Black Card Laminated Corrugated Paper","sourceStatus","pending","representative","kh-paper-insert-family-representative","Confirm sourceStatus and image mapping"
"KH-CG-WCFLUTE-E-MT-042","White Card Laminated Corrugated Paper","sourceStatus","pending","representative","kh-corrugated-family-representative","Confirm sourceStatus and image mapping"
"KH-CG-SPFLUTE-G-MT-043","Specialty Paper Laminated Corrugated Paper","sourceStatus","pending","representative","kh-paper-insert-family-representative","Confirm sourceStatus and image mapping"
"KH-CG-LOGOF-E-EM-044","Logo Embossed Corrugated Paper","sourceStatus","pending","representative","kh-corrugated-family-representative","Confirm sourceStatus and image mapping"
"KH-CG-SECFLUTE-F-AF-045","Anti-counterfeit Corrugated Paper","sourceStatus","pending","representative","kh-corrugated-family-representative","Confirm sourceStatus and image mapping"
"KH-CG-BOXFLUTE-E-CR-046","Corrugated Box Semi-finished Sheet","sourceStatus","pending","representative","kh-corrugated-family-representative","Confirm sourceStatus and image mapping"
"KH-SP-GOLD-300-FG-047","Gold Card Paper","sourceStatus","pending","representative","kh-paper-pad-family-representative","Confirm sourceStatus and image mapping"
"KH-SP-SILVER-300-FS-048","Silver Card Paper","sourceStatus","pending","representative","kh-paper-insert-family-representative","Confirm sourceStatus and image mapping"
"KH-SP-LASER-250-UV-049","Holographic Paper","sourceStatus","pending","representative","kh-specialty-family-representative","Confirm sourceStatus and image mapping"
"KH-SP-PEARL-230-LM-050","Pearlescent Paper","sourceStatus","pending","representative","kh-specialty-family-representative","Confirm sourceStatus and image mapping"
"KH-SP-BLACK-350-AS-051","Black Card Paper","sourceStatus","pending","representative","kh-paper-pad-family-representative","Confirm sourceStatus and image mapping"
"KH-SP-COLOR-250-DC-052","Colored Specialty Paper","sourceStatus","pending","representative","kh-specialty-family-representative","Confirm sourceStatus and image mapping"
"KH-SP-SECURE-200-AF-053","Anti-counterfeit Paper","sourceStatus","pending","representative","kh-specialty-family-representative","Confirm sourceStatus and image mapping"
"KH-SP-ANTIS-300-AS-054","Anti-scratch Paper","sourceStatus","pending","representative","kh-specialty-family-representative","Confirm sourceStatus and image mapping"
"KH-SP-SCENT-180-SC-055","Scented Paper","sourceStatus","pending","representative","kh-specialty-family-representative","Confirm sourceStatus and image mapping"
"KH-SP-SPFLUTE-300G-MT-056","Specialty Paper Laminated Corrugated Paper","sourceStatus","pending","representative","kh-paper-insert-family-representative","Confirm sourceStatus and image mapping"
"KH-BX-BURGERBOX-300-MC-001","Burger Box","sourceStatus","pending","representative","kh-food-box-family-representative","Confirm sourceStatus and image mapping"
"KH-BX-PIZZABOX-E-CR-002","Pizza Box","sourceStatus","pending","representative","kh-corrugated-family-representative","Confirm sourceStatus and image mapping"
"KH-BX-CAKEBOX-350-LM-003","Cake Box","sourceStatus","pending","representative","kh-food-box-family-representative","Confirm sourceStatus and image mapping"
"KH-BX-SANDWBOX-300-PR-004","Sandwich Box","sourceStatus","pending","representative","kh-food-box-family-representative","Confirm sourceStatus and image mapping"
"KH-BX-TAKEOUT-320-PE-005","Takeaway Food Box","sourceStatus","pending","representative","kh-food-box-family-representative","Confirm sourceStatus and image mapping"
"KH-BX-CHICKEN-350-PR-006","Fried Chicken Box","sourceStatus","pending","representative","kh-food-box-family-representative","Confirm sourceStatus and image mapping"
"KH-BX-TRAY-300-PE-007","Food Paper Tray","sourceStatus","pending","representative","kh-paper-insert-family-representative","Confirm sourceStatus and image mapping"
"KH-BX-SLEEVE-250-PR-008","Food Paper Sleeve","sourceStatus","pending","representative","kh-food-box-family-representative","Confirm sourceStatus and image mapping"
"KH-PD-FOODPAD-080-OIL-009","Food Liner Paper","sourceStatus","pending","representative","kh-food-box-family-representative","Confirm sourceStatus and image mapping"
"KH-BX-BAKERY-350-PR-010","Bakery Packaging Box","sourceStatus","pending","representative","kh-food-box-family-representative","Confirm sourceStatus and image mapping"
"KH-PD-CAKEPAD-350-MC-011","Cake Pad","sourceStatus","pending","representative","kh-paper-pad-family-representative","Confirm sourceStatus and image mapping"
"KH-PD-PIZZAPAD-120-MC-012","Pizza Paper Pad","sourceStatus","pending","representative","kh-paper-pad-family-representative","Confirm sourceStatus and image mapping"
"KH-PD-FOODPAD-150-OIL-013","Food Paper Pad","sourceStatus","pending","representative","kh-paper-pad-family-representative","Confirm sourceStatus and image mapping"
"KH-PD-COSPAD-350-AS-014","Cosmetic Paper Pad","sourceStatus","pending","representative","kh-paper-pad-family-representative","Confirm sourceStatus and image mapping"
"KH-PD-ELECPAD-400-MC-015","Electronics Paper Pad","sourceStatus","pending","representative","kh-paper-pad-family-representative","Confirm sourceStatus and image mapping"
"KH-PD-GIFTPAD-350-EM-016","Gift Box Inner Pad","sourceStatus","pending","representative","kh-paper-pad-family-representative","Confirm sourceStatus and image mapping"
"KH-PD-SHOCKPAD-E-MT-017","Shock-absorbing Paper Pad","sourceStatus","pending","representative","kh-paper-pad-family-representative","Confirm sourceStatus and image mapping"
"KH-PD-ROUND-300-MC-018","Round Paper Pad","sourceStatus","pending","representative","kh-paper-pad-family-representative","Confirm sourceStatus and image mapping"
"KH-PD-SQUARE-300-MC-019","Square Paper Pad","sourceStatus","pending","representative","kh-paper-pad-family-representative","Confirm sourceStatus and image mapping"
"KH-PD-DIECUT-300-MC-020","Custom Die-cut Paper Pad","sourceStatus","pending","representative","kh-paper-pad-family-representative","Confirm sourceStatus and image mapping"
"KH-IN-COSINS-400-MC-021","Cosmetic Paper Insert","sourceStatus","pending","representative","kh-paper-insert-family-representative","Confirm sourceStatus and image mapping"
"KH-IN-PERFINS-400-AS-022","Perfume Paper Insert","sourceStatus","pending","representative","kh-paper-insert-family-representative","Confirm sourceStatus and image mapping"
"KH-IN-ELECINS-E-MT-023","Electronics Paper Insert","sourceStatus","pending","representative","kh-paper-insert-family-representative","Confirm sourceStatus and image mapping"
"KH-IN-GIFTINS-400-EM-024","Gift Box Paper Insert","sourceStatus","pending","representative","kh-paper-insert-family-representative","Confirm sourceStatus and image mapping"
"KH-IN-WINEINS-E-MT-025","Wine Box Paper Insert","sourceStatus","pending","representative","kh-paper-insert-family-representative","Confirm sourceStatus and image mapping"
"KH-IN-TEAINS-350-PR-026","Tea Box Paper Insert","sourceStatus","pending","representative","kh-paper-insert-family-representative","Confirm sourceStatus and image mapping"
"KH-IN-FOODINS-300-PE-027","Food Paper Insert","sourceStatus","pending","representative","kh-paper-insert-family-representative","Confirm sourceStatus and image mapping"
"KH-IN-CORGINS-E-MT-028","Corrugated Paper Insert","sourceStatus","pending","representative","kh-paper-insert-family-representative","Confirm sourceStatus and image mapping"
"KH-IN-WHITEINS-400-MC-029","White Cardboard Insert","sourceStatus","pending","representative","kh-paper-insert-family-representative","Confirm sourceStatus and image mapping"
"KH-IN-SPINS-350-UV-030","Specialty Paper Insert","sourceStatus","pending","representative","kh-paper-insert-family-representative","Confirm sourceStatus and image mapping"
"KH-SF-DIECUT-350-MC-031","Die-cut Semi-finished Sheet","sourceStatus","pending","representative","kh-corrugated-family-representative","Confirm sourceStatus and image mapping"
"KH-SF-CREASE-350-CR-032","Creased Semi-finished Sheet","sourceStatus","pending","representative","kh-white-cardboard-family-representative","Confirm sourceStatus and image mapping"
"KH-SF-LAMIN-E-MT-033","Laminated Semi-finished Sheet","sourceStatus","pending","representative","kh-corrugated-family-representative","Confirm sourceStatus and image mapping"
"KH-SF-FLUTESHT-E-CR-034","Corrugated Box Blank","sourceStatus","pending","representative","kh-corrugated-family-representative","Confirm sourceStatus and image mapping"
"KH-SF-FOLDBL-350-CR-035","Folding Box Blank","sourceStatus","pending","representative","kh-white-cardboard-family-representative","Confirm sourceStatus and image mapping"
"KH-SF-COLORBL-350-PR-036","Printed Color Box Blank","sourceStatus","pending","representative","kh-corrugated-family-representative","Confirm sourceStatus and image mapping"
"KH-SF-FOODBL-300-OIL-037","Food Box Blank","sourceStatus","pending","representative","kh-white-cardboard-family-representative","Confirm sourceStatus and image mapping"
"KH-SF-GIFTBL-400-EM-038","Gift Box Semi-finished Sheet","sourceStatus","pending","representative","kh-paper-insert-family-representative","Confirm sourceStatus and image mapping"
"KH-SF-COSBL-350-AS-039","Cosmetic Box Semi-finished Sheet","sourceStatus","pending","representative","kh-paper-pad-family-representative","Confirm sourceStatus and image mapping"
"KH-SF-SHAPEBL-350-MC-040","Custom Shape Box Blank","sourceStatus","pending","representative","kh-corrugated-family-representative","Confirm sourceStatus and image mapping"
"KH-BX-WHITEBOX-350-PR-041","White Cardboard Packaging Box","sourceStatus","pending","representative","kh-white-cardboard-family-representative","Confirm sourceStatus and image mapping"
"KH-BX-KRAFTBOX-300-PR-042","Kraft Paper Box","sourceStatus","pending","representative","kh-kraft-family-representative","Confirm sourceStatus and image mapping"
"KH-BX-CORBOX-E-CR-043","Corrugated Paper Box","sourceStatus","pending","representative","kh-corrugated-family-representative","Confirm sourceStatus and image mapping"
"KH-BX-COLORCOR-E-DC-044","Colored Corrugated Box","sourceStatus","pending","representative","kh-corrugated-family-representative","Confirm sourceStatus and image mapping"
"KH-BX-COSBOX-350-AS-045","Cosmetic Packaging Box","sourceStatus","pending","representative","kh-white-cardboard-family-representative","Confirm sourceStatus and image mapping"
"KH-BX-ELECBOX-E-MT-046","Electronics Packaging Box","sourceStatus","pending","representative","kh-corrugated-family-representative","Confirm sourceStatus and image mapping"
"KH-BX-FOODBOX-320-PE-047","Food Packaging Box","sourceStatus","pending","representative","kh-food-box-family-representative","Confirm sourceStatus and image mapping"
"KH-BX-GIFTBOX-400-FG-048","Gift Packaging Box","sourceStatus","pending","representative","kh-corrugated-family-representative","Confirm sourceStatus and image mapping"
"KH-BX-FOLDBOX-350-CR-049","Folding Carton","sourceStatus","pending","representative","kh-white-cardboard-family-representative","Confirm sourceStatus and image mapping"
"KH-BX-ONEPIECE-350-MC-050","One-piece Paper Box","sourceStatus","pending","representative","kh-corrugated-family-representative","Confirm sourceStatus and image mapping"
